n_components,n_bins,seed,threshold,group1,group2,separated_1sigma
2,12,7,0.5,comp1_dom,comp2_dom,False
2,12,7,0.6,comp1_dom,comp2_dom,False
2,12,7,0.6,comp1_dom,mixed,False
2,12,7,0.6,comp2_dom,mixed,False
2,12,7,0.7,comp1_dom,comp2_dom,False
2,12,7,0.7,comp1_dom,mixed,False
2,12,7,0.7,comp2_dom,mixed,False
2,12,42,0.5,comp1_dom,comp2_dom,False
2,12,42,0.6,comp1_dom,comp2_dom,False
2,12,42,0.6,comp1_dom,mixed,False
2,12,42,0.6,comp2_dom,mixed,False
2,12,42,0.7,comp1_dom,comp2_dom,False
2,12,42,0.7,comp1_dom,mixed,False
2,12,42,0.7,comp2_dom,mixed,False
2,12,123,0.5,comp1_dom,comp2_dom,False
2,12,123,0.6,comp1_dom,comp2_dom,False
2,12,123,0.6,comp1_dom,mixed,False
2,12,123,0.6,comp2_dom,mixed,False
2,12,123,0.7,comp1_dom,comp2_dom,False
2,12,123,0.7,comp1_dom,mixed,False
2,12,123,0.7,comp2_dom,mixed,False
2,15,7,0.5,comp1_dom,comp2_dom,False
2,15,7,0.6,comp1_dom,comp2_dom,False
2,15,7,0.6,comp1_dom,mixed,False
2,15,7,0.6,comp2_dom,mixed,False
2,15,7,0.7,comp1_dom,comp2_dom,False
2,15,7,0.7,comp1_dom,mixed,False
2,15,7,0.7,comp2_dom,mixed,False
2,15,42,0.5,comp1_dom,comp2_dom,False
2,15,42,0.6,comp1_dom,comp2_dom,False
2,15,42,0.6,comp1_dom,mixed,False
2,15,42,0.6,comp2_dom,mixed,False
2,15,42,0.7,comp1_dom,comp2_dom,False
2,15,42,0.7,comp1_dom,mixed,False
2,15,42,0.7,comp2_dom,mixed,False
2,15,123,0.5,comp1_dom,comp2_dom,False
2,15,123,0.6,comp1_dom,comp2_dom,False
2,15,123,0.6,comp1_dom,mixed,False
2,15,123,0.6,comp2_dom,mixed,False
2,15,123,0.7,comp1_dom,comp2_dom,False
2,15,123,0.7,comp1_dom,mixed,False
2,15,123,0.7,comp2_dom,mixed,False
3,12,7,0.5,comp1_dom,comp2_dom,False
3,12,7,0.5,comp1_dom,comp3_dom,False
3,12,7,0.5,comp1_dom,mixed,False
3,12,7,0.5,comp2_dom,comp3_dom,False
3,12,7,0.5,comp2_dom,mixed,False
3,12,7,0.5,comp3_dom,mixed,False
3,12,7,0.6,comp1_dom,comp2_dom,False
3,12,7,0.6,comp1_dom,comp3_dom,False
3,12,7,0.6,comp1_dom,mixed,False
3,12,7,0.6,comp2_dom,comp3_dom,False
3,12,7,0.6,comp2_dom,mixed,False
3,12,7,0.6,comp3_dom,mixed,False
3,12,7,0.7,comp1_dom,comp2_dom,False
3,12,7,0.7,comp1_dom,comp3_dom,True
3,12,7,0.7,comp1_dom,mixed,False
3,12,7,0.7,comp2_dom,comp3_dom,True
3,12,7,0.7,comp2_dom,mixed,False
3,12,7,0.7,comp3_dom,mixed,True
3,12,42,0.5,comp1_dom,comp2_dom,False
3,12,42,0.5,comp1_dom,comp3_dom,False
3,12,42,0.5,comp1_dom,mixed,False
3,12,42,0.5,comp2_dom,comp3_dom,False
3,12,42,0.5,comp2_dom,mixed,False
3,12,42,0.5,comp3_dom,mixed,False
3,12,42,0.6,comp1_dom,comp2_dom,False
3,12,42,0.6,comp1_dom,comp3_dom,False
3,12,42,0.6,comp1_dom,mixed,False
3,12,42,0.6,comp2_dom,comp3_dom,False
3,12,42,0.6,comp2_dom,mixed,False
3,12,42,0.6,comp3_dom,mixed,False
3,12,42,0.7,comp1_dom,comp2_dom,False
3,12,42,0.7,comp1_dom,comp3_dom,True
3,12,42,0.7,comp1_dom,mixed,False
3,12,42,0.7,comp2_dom,comp3_dom,True
3,12,42,0.7,comp2_dom,mixed,False
3,12,42,0.7,comp3_dom,mixed,True
3,12,123,0.5,comp1_dom,comp2_dom,False
3,12,123,0.5,comp1_dom,comp3_dom,False
3,12,123,0.5,comp1_dom,mixed,False
3,12,123,0.5,comp2_dom,comp3_dom,False
3,12,123,0.5,comp2_dom,mixed,False
3,12,123,0.5,comp3_dom,mixed,False
3,12,123,0.6,comp1_dom,comp2_dom,False
3,12,123,0.6,comp1_dom,comp3_dom,False
3,12,123,0.6,comp1_dom,mixed,False
3,12,123,0.6,comp2_dom,comp3_dom,False
3,12,123,0.6,comp2_dom,mixed,False
3,12,123,0.6,comp3_dom,mixed,False
3,12,123,0.7,comp1_dom,comp2_dom,False
3,12,123,0.7,comp1_dom,comp3_dom,True
3,12,123,0.7,comp1_dom,mixed,False
3,12,123,0.7,comp2_dom,comp3_dom,True
3,12,123,0.7,comp2_dom,mixed,False
3,12,123,0.7,comp3_dom,mixed,True
3,15,7,0.5,comp1_dom,comp2_dom,False
3,15,7,0.5,comp1_dom,comp3_dom,False
3,15,7,0.5,comp1_dom,mixed,False
3,15,7,0.5,comp2_dom,comp3_dom,False
3,15,7,0.5,comp2_dom,mixed,False
3,15,7,0.5,comp3_dom,mixed,False
3,15,7,0.6,comp1_dom,comp2_dom,False
3,15,7,0.6,comp1_dom,comp3_dom,True
3,15,7,0.6,comp1_dom,mixed,False
3,15,7,0.6,comp2_dom,comp3_dom,True
3,15,7,0.6,comp2_dom,mixed,False
3,15,7,0.6,comp3_dom,mixed,True
3,15,7,0.7,comp2_dom,mixed,False
3,15,42,0.5,comp1_dom,comp2_dom,False
3,15,42,0.5,comp1_dom,comp3_dom,False
3,15,42,0.5,comp1_dom,mixed,False
3,15,42,0.5,comp2_dom,comp3_dom,False
3,15,42,0.5,comp2_dom,mixed,False
3,15,42,0.5,comp3_dom,mixed,False
3,15,42,0.6,comp1_dom,comp2_dom,False
3,15,42,0.6,comp1_dom,comp3_dom,True
3,15,42,0.6,comp1_dom,mixed,False
3,15,42,0.6,comp2_dom,comp3_dom,True
3,15,42,0.6,comp2_dom,mixed,False
3,15,42,0.6,comp3_dom,mixed,True
3,15,42,0.7,comp2_dom,mixed,False
3,15,123,0.5,comp1_dom,comp2_dom,False
3,15,123,0.5,comp1_dom,comp3_dom,False
3,15,123,0.5,comp1_dom,mixed,False
3,15,123,0.5,comp2_dom,comp3_dom,False
3,15,123,0.5,comp2_dom,mixed,False
3,15,123,0.5,comp3_dom,mixed,False
3,15,123,0.6,comp1_dom,comp2_dom,False
3,15,123,0.6,comp1_dom,comp3_dom,True
3,15,123,0.6,comp1_dom,mixed,False
3,15,123,0.6,comp2_dom,comp3_dom,True
3,15,123,0.6,comp2_dom,mixed,False
3,15,123,0.6,comp3_dom,mixed,True
3,15,123,0.7,comp2_dom,mixed,False
4,12,7,0.5,comp1_dom,comp2_dom,False
4,12,7,0.5,comp1_dom,comp3_dom,True
4,12,7,0.5,comp1_dom,comp4_dom,False
4,12,7,0.5,comp1_dom,mixed,False
4,12,7,0.5,comp2_dom,comp3_dom,True
4,12,7,0.5,comp2_dom,comp4_dom,False
4,12,7,0.5,comp2_dom,mixed,True
4,12,7,0.5,comp3_dom,comp4_dom,True
4,12,7,0.5,comp3_dom,mixed,True
4,12,7,0.5,comp4_dom,mixed,False
4,12,7,0.6,comp2_dom,comp4_dom,False
4,12,7,0.6,comp2_dom,mixed,True
4,12,7,0.6,comp4_dom,mixed,False
4,12,7,0.7,comp2_dom,mixed,False
4,12,42,0.5,comp1_dom,comp2_dom,False
4,12,42,0.5,comp1_dom,comp3_dom,True
4,12,42,0.5,comp1_dom,comp4_dom,False
4,12,42,0.5,comp1_dom,mixed,False
4,12,42,0.5,comp2_dom,comp3_dom,True
4,12,42,0.5,comp2_dom,comp4_dom,False
4,12,42,0.5,comp2_dom,mixed,True
4,12,42,0.5,comp3_dom,comp4_dom,True
4,12,42,0.5,comp3_dom,mixed,True
4,12,42,0.5,comp4_dom,mixed,False
4,12,42,0.6,comp2_dom,comp4_dom,False
4,12,42,0.6,comp2_dom,mixed,True
4,12,42,0.6,comp4_dom,mixed,False
4,12,42,0.7,comp2_dom,mixed,False
4,12,123,0.5,comp1_dom,comp2_dom,False
4,12,123,0.5,comp1_dom,comp3_dom,True
4,12,123,0.5,comp1_dom,comp4_dom,False
4,12,123,0.5,comp1_dom,mixed,False
4,12,123,0.5,comp2_dom,comp3_dom,True
4,12,123,0.5,comp2_dom,comp4_dom,False
4,12,123,0.5,comp2_dom,mixed,True
4,12,123,0.5,comp3_dom,comp4_dom,True
4,12,123,0.5,comp3_dom,mixed,True
4,12,123,0.5,comp4_dom,mixed,False
4,12,123,0.6,comp2_dom,comp4_dom,False
4,12,123,0.6,comp2_dom,mixed,True
4,12,123,0.6,comp4_dom,mixed,False
4,12,123,0.7,comp2_dom,mixed,False
4,15,7,0.5,comp2_dom,comp3_dom,False
4,15,7,0.5,comp2_dom,comp4_dom,False
4,15,7,0.5,comp2_dom,mixed,False
4,15,7,0.5,comp3_dom,comp4_dom,False
4,15,7,0.5,comp3_dom,mixed,False
4,15,7,0.5,comp4_dom,mixed,False
4,15,7,0.6,comp2_dom,comp4_dom,False
4,15,7,0.6,comp2_dom,mixed,True
4,15,7,0.6,comp4_dom,mixed,False
4,15,7,0.7,comp2_dom,comp4_dom,False
4,15,7,0.7,comp2_dom,mixed,True
4,15,7,0.7,comp4_dom,mixed,True
4,15,42,0.5,comp2_dom,comp3_dom,False
4,15,42,0.5,comp2_dom,comp4_dom,False
4,15,42,0.5,comp2_dom,mixed,False
4,15,42,0.5,comp3_dom,comp4_dom,False
4,15,42,0.5,comp3_dom,mixed,False
4,15,42,0.5,comp4_dom,mixed,False
4,15,42,0.6,comp2_dom,comp4_dom,False
4,15,42,0.6,comp2_dom,mixed,True
4,15,42,0.6,comp4_dom,mixed,False
4,15,42,0.7,comp2_dom,comp4_dom,False
4,15,42,0.7,comp2_dom,mixed,True
4,15,42,0.7,comp4_dom,mixed,True
4,15,123,0.5,comp2_dom,comp3_dom,False
4,15,123,0.5,comp2_dom,comp4_dom,False
4,15,123,0.5,comp2_dom,mixed,False
4,15,123,0.5,comp3_dom,comp4_dom,False
4,15,123,0.5,comp3_dom,mixed,False
4,15,123,0.5,comp4_dom,mixed,False
4,15,123,0.6,comp2_dom,comp4_dom,False
4,15,123,0.6,comp2_dom,mixed,True
4,15,123,0.6,comp4_dom,mixed,False
4,15,123,0.7,comp2_dom,comp4_dom,False
4,15,123,0.7,comp2_dom,mixed,True
4,15,123,0.7,comp4_dom,mixed,True
